City,Lat,Lng,Max Temp,Humidity,Cloudiness,Wind Speed,Country,Date
Lavrentiya,65.5833,-171.0,7.3,96,100,8.95,RU,1645582506
Hilo,19.7297,-155.09,75.25,81,100,1.01,US,1645582502
Jamestown,42.097,-79.2353,56.3,72,100,11.5,US,1645582522
Port Hedland,-20.3167,118.5667,95.05,59,100,12.66,AU,1645582544
Hermanus,-34.4187,19.2345,62.8,73,0,3.71,ZA,1645582496
Fortuna,40.5982,-124.1573,44.65,73,0,9.22,US,1645582546
Lakatoro,-16.0999,167.4164,85.01,72,17,12.03,VU,1645582632
Saint-Philippe,-21.3585,55.7679,78.35,87,100,16.06,RE,1645582498
Khāsh,28.2211,61.2158,47.3,47,7,3.27,IR,1645582633
Karratha,-20.7377,116.8463,94.1,39,99,9.13,AU,1645582633
Rikitea,-23.1203,-134.9692,79.65,72,30,13.51,PF,1645582498
Zhigansk,66.7697,123.3711,-9.26,98,100,21.16,RU,1645582634
Punta Alta,-38.8759,-62.0736,64.99,82,30,7.31,AR,1645582634
San Luis,-33.295,-66.3356,65.91,67,100,7.49,AR,1645582489
Formosa do Rio Preto,-11.0483,-45.1931,72.86,85,62,0.74,BR,1645582635
Kyaikto,17.3,97.0167,77.41,48,66,2.86,MM,1645582635
Newburn,54.9876,-1.7442,43.77,76,17,20.71,GB,1645582636
Busselton,-33.65,115.3333,72.05,43,100,15.12,AU,1645582499
Makakilo City,21.3469,-158.0858,80.92,59,20,13.8,US,1645582636
Atyrau,47.1167,51.8833,32.02,100,100,6.71,KZ,1645582637
Albany,42.6001,-73.9662,58.62,94,100,3.0,US,1645582438
Castro,-24.7911,-50.0119,64.38,94,29,2.42,BR,1645582637
Montes Claros,-16.735,-43.8617,69.13,80,22,1.23,BR,1645582458
Saint-Pierre,-21.3393,55.4781,78.44,83,0,4.61,RE,1645582638
Yellowknife,62.456,-114.3525,-14.58,83,20,13.8,CA,1645582549
Leningradskiy,69.3833,178.4167,-21.06,96,98,10.02,RU,1645582638
Mataura,-46.1927,168.8643,66.47,40,17,4.99,NZ,1645582497
Padang,-0.9492,100.3543,84.25,76,22,3.44,ID,1645582639
Bredasdorp,-34.5322,20.0403,62.28,94,0,4.61,ZA,1645582521
Ushuaia,-54.8,-68.3,47.86,66,20,13.8,AR,1645582496
Punta Arenas,-53.15,-70.9167,51.91,82,75,8.05,CL,1645582490
Vrangel',42.7297,133.0839,18.86,44,92,14.45,RU,1645582639
Adelaide,-34.9333,138.6,92.16,31,0,4.0,AU,1645582640
Dikson,73.5069,80.5464,-15.48,100,65,6.11,RU,1645582640
Nassau,40.7507,-73.5829,61.34,81,100,20.71,US,1645582440
Inhambane,-23.865,35.3833,77.4,84,39,14.47,MZ,1645582641
Upernavik,72.7868,-56.1549,-12.33,96,100,7.92,GL,1645582503
Carnarvon,-24.8667,113.6333,86.07,58,0,18.41,AU,1645582505
Yaypan,40.3758,70.8156,45.16,49,100,2.39,UZ,1645582641
Isfahan,32.6572,51.6776,28.04,43,10,3.44,IR,1645582642
Mount Isa,-20.7333,139.5,92.97,15,0,6.91,AU,1645582642
Norman Wells,65.282,-126.8329,8.64,66,100,2.3,CA,1645582533
Ilām,26.9167,87.9167,53.24,62,5,2.42,NP,1645582646
Nikolskoye,59.7035,30.7861,22.89,97,96,6.11,RU,1645582553
Cape Town,-33.9258,18.4232,66.09,76,0,1.01,ZA,1645582382
Kruisfontein,-34.0033,24.7314,60.87,79,0,4.9,ZA,1645582500
Karasjok,69.4719,25.5112,-6.92,100,100,0.58,NO,1645582647
Bada,51.392,109.8717,12.67,83,34,2.66,RU,1645582647
Codrington,-38.2667,141.9667,77.4,37,0,8.86,AU,1645582538
Tuktoyaktuk,69.4541,-133.0374,6.8,92,100,8.05,CA,1645582516
New Norfolk,-42.7826,147.0587,80.89,40,28,4.0,AU,1645582563
Våler,60.6785,11.8331,26.31,98,100,1.61,NO,1645582648
Zyryanka,65.75,150.85,-20.97,88,6,5.39,RU,1645582649
East London,-33.0153,27.9116,70.72,91,40,9.73,ZA,1645582649
Harper,4.375,-7.7169,79.29,86,11,8.03,LR,1645582649
Mattawa,46.7379,-119.9028,25.9,47,80,14.29,US,1645582650
Vostok,46.4856,135.8833,5.36,84,100,7.43,RU,1645582650
Zhenlai,45.8495,123.2973,8.85,76,2,9.64,CN,1645582650
Kaka,37.3482,59.6143,48.47,58,99,5.39,TM,1645582651
Puerto Ayora,-0.7393,-90.3518,75.22,83,100,6.17,EC,1645582651
Ouégoa,-20.35,164.4333,86.47,66,32,10.74,NC,1645582651
Auki,-8.7676,160.7034,82.98,80,88,3.33,SB,1645582515
Kidal,18.4411,1.4078,72.16,7,0,7.65,ML,1645582652
Khumalag,43.2403,44.4752,25.57,100,1,8.95,RU,1645582652
Olafsvik,64.8945,-23.7142,31.12,52,100,11.99,IS,1645582653
Butaritari,3.0707,172.7902,82.51,77,100,18.86,KI,1645582515
Margate,51.3813,1.3862,42.31,71,0,1.99,GB,1645582653
Vaini,-21.2,-175.2,84.36,84,75,9.22,TO,1645582496
Sola,-13.8833,167.55,82.27,76,20,12.77,VU,1645582653
Dunedin,-45.8742,170.5036,56.37,63,64,9.1,NZ,1645582184
Yulara,-25.2406,130.9889,87.64,23,0,6.91,AU,1645582654
Clyde River,70.4692,-68.5914,-10.97,70,0,6.91,CA,1645582654
Bethel,41.3712,-73.414,57.31,90,100,16.11,US,1645582508
Constitución,-35.3333,-72.4167,56.75,90,100,4.03,CL,1645582655
Barrow,71.2906,-156.7887,24.82,86,100,27.63,US,1645582518
Ahipara,-35.1667,173.1667,76.75,62,92,8.86,NZ,1645582523
Esperance,-33.8667,121.9,71.62,71,51,14.36,AU,1645582655
Paita,-5.0892,-81.1144,72.95,74,55,9.66,PE,1645582655
Provideniya,64.3833,-173.3,22.64,96,100,5.97,RU,1645582336
Karpogory,64.0019,44.4451,20.39,97,100,5.06,RU,1645582656
Liuzhou,24.3126,109.3892,43.43,66,7,13.91,CN,1645582657
Almeirim,-1.5233,-52.5817,75.11,91,100,3.06,BR,1645582657
Bogotol,56.2078,89.5342,22.48,88,100,6.06,RU,1645582657
Hirara,24.8,125.2833,68.27,94,75,18.41,JP,1645582658
Linxia Chengguanzhen,35.6003,103.2064,22.26,71,13,1.61,CN,1645582658
Hammerfest,70.6634,23.6821,14.45,92,0,2.3,NO,1645582658
Rocha,-34.4833,-54.3333,62.62,90,10,6.4,UY,1645582659
Cherskiy,68.75,161.3,-31.49,95,53,6.11,RU,1645582495
Chincha Alta,-13.4099,-76.1323,73.99,85,48,2.42,PE,1645582659
Lorengau,-2.0226,147.2712,84.87,68,99,8.1,PG,1645582552
Iqaluit,63.7506,-68.5145,-31.27,73,20,5.75,CA,1645582660
Atuona,-9.8,-139.0333,78.53,74,7,16.64,PF,1645582464
Port Keats,-14.25,129.55,86.4,61,82,6.22,AU,1645582660
Khatanga,71.9667,102.5,4.91,97,100,10.09,RU,1645582516
Zanzibar,-6.1639,39.1979,78.6,88,100,7.56,TZ,1645582661
Madang,-5.2246,145.7966,86.31,63,100,4.43,PG,1645582661
San Cristobal,7.7669,-72.225,69.98,85,98,2.93,VE,1645582661
Yarmouth,41.7057,-70.2286,55.45,93,100,13.8,US,1645582662
Longyearbyen,78.2186,15.6401,-0.56,65,20,9.22,SJ,1645582548
Puerto Escondido,15.85,-97.0667,83.23,69,40,0.0,MX,1645582662
Lodja,-3.4833,23.4333,69.6,93,100,2.04,CD,1645582662
Shimoda,34.6667,138.95,48.31,58,69,4.83,JP,1645582663
Tautira,-17.7333,-149.15,82.42,71,10,9.37,PF,1645582663
Barberton,-25.7884,31.0532,66.25,97,80,0.45,ZA,1645582663
Coos Bay,43.3665,-124.2179,42.78,74,0,13.8,US,1645582536
Bluff,-46.6,168.3333,66.79,57,41,16.06,NZ,1645582530
Hofn,64.2539,-15.2082,30.99,58,100,16.82,IS,1645582664
Luanda,-8.8368,13.2343,77.54,85,100,5.46,AO,1645582664
Hobart,-42.8794,147.3294,81.23,52,75,9.22,AU,1645582507
Lebu,-37.6167,-73.65,56.37,88,73,5.59,CL,1645582534
Senanga,-16.1167,23.2667,66.74,93,82,2.24,ZM,1645582665
Pang,5.9484,121.2883,82.0,71,100,2.91,PH,1645582665
Rio Grande,-32.035,-52.0986,70.45,80,0,7.81,BR,1645582666
Qaqortoq,60.7167,-46.0333,5.5,67,100,22.44,GL,1645582666
Paciran,-6.8767,112.3761,82.31,69,63,8.21,ID,1645582666
Ende,-8.8432,121.6623,77.72,91,100,8.19,ID,1645582667
Kaitangata,-46.2817,169.8464,58.87,55,25,9.75,NZ,1645582555
Portland,45.5234,-122.6762,34.32,47,20,16.11,US,1645582528
George Town,5.4112,100.3354,84.13,85,20,8.05,MY,1645582536
Homer,59.6425,-151.5483,42.69,76,0,5.01,US,1645582667
Avarua,-21.2078,-159.775,84.25,74,40,16.11,CK,1645582500
Faya,18.3851,42.4509,53.71,62,6,4.0,SA,1645582562
Sergeevka,53.88,67.4158,11.57,94,100,10.13,KZ,1645582668
Mackenzie,55.2999,-123.1698,8.82,52,100,4.61,CA,1645582668
Hongjiang,27.11,109.9956,36.41,93,97,2.84,CN,1645582669
Poum,-20.2333,164.0167,83.05,76,15,16.4,NC,1645582564
Marfino,55.7028,37.3822,35.94,81,100,15.66,RU,1645582669
Tasiilaq,65.6145,-37.6368,26.76,56,100,17.02,GL,1645582538
Marawi,7.9986,124.2928,70.65,45,100,4.65,PH,1645582670
Kavieng,-2.5744,150.7967,82.54,70,77,4.65,PG,1645582670
Ilhéus,-14.7889,-39.0494,74.98,86,25,3.04,BR,1645582671
Saskylakh,71.9167,114.0833,0.79,94,100,3.76,RU,1645582566
Taixing,32.1667,120.0136,40.8,51,100,6.69,CN,1645582671
Birao,10.2849,22.7882,66.87,16,11,4.32,CF,1645582671
San Alberto,7.7611,-73.3922,80.02,67,25,3.38,CO,1645582672
Sambava,-14.2667,50.1667,75.51,85,100,4.52,MG,1645582672
Ulladulla,-35.35,150.4667,78.76,89,100,2.89,AU,1645582673
Manado,1.487,124.8455,83.17,74,40,6.91,ID,1645582673
Korla,41.7597,86.1469,28.83,46,4,2.28,CN,1645582674
Garmsār,35.2182,52.3409,48.99,64,22,5.12,IR,1645582674
Yueyang,29.3333,113.0919,43.84,71,15,9.69,CN,1645582674
Rawson,-43.3002,-65.1023,61.09,66,15,14.58,AR,1645582553
Port Hardy,50.6996,-127.4199,28.58,69,20,3.44,CA,1645582675
Cumana,10.4635,-64.1775,78.89,88,55,9.57,VE,1645582675
Klaksvík,62.2266,-6.589,34.72,97,100,21.83,FO,1645582528
Nanortalik,60.1432,-45.2371,13.62,72,100,51.83,GL,1645582558
Nioro,13.35,-15.75,73.63,42,3,7.76,GM,1645582676
Cabo San Lucas,22.8909,-109.9124,70.11,68,0,4.61,MX,1645582676
Bonfim,3.0833,-59.95,82.99,63,66,8.48,BR,1645582676
Hithadhoo,-0.6,73.0833,81.54,67,1,4.09,MV,1645582524
Saint-Augustin,51.226,-58.6502,-1.97,81,100,1.72,CA,1645582677
Mumbwa,-14.9783,27.0619,61.95,96,95,2.68,ZM,1645582677
Alice Springs,-23.7,133.8833,87.35,23,0,6.91,AU,1645582650
Chui,-33.6971,-53.4616,64.42,87,0,8.03,UY,1645582543
Arraial do Cabo,-22.9661,-42.0278,76.33,90,64,18.12,BR,1645582531
Kantemirovka,49.7089,39.8592,36.73,100,100,6.2,RU,1645582678
Kirakira,-10.4544,161.9205,84.92,71,96,4.38,SB,1645582678
Llano de Piedra,7.6667,-80.5667,73.9,99,74,9.42,PA,1645582679
Mbaïki,3.8678,17.9892,73.53,36,100,1.99,CF,1645582679
Gēdo,9.0167,37.45,57.49,46,88,1.99,ET,1645582679
Hong Kong,22.2855,114.1577,54.32,78,100,10.22,HK,1645582301
Lagoa,39.05,-27.9833,56.91,74,100,18.03,PT,1645582536
Kapaa,22.0752,-159.319,80.58,74,75,11.5,US,1645582507
Lithakia,37.7167,20.8333,48.58,76,4,9.86,GR,1645582680
Mossamedes,-15.1961,12.1522,75.94,80,100,5.61,AO,1645582680
Gachsaran,30.3586,50.7981,44.69,100,20,0.0,IR,1645582681
Susanville,40.4163,-120.653,28.24,57,100,5.75,US,1645582681
Palmer,42.1584,-72.3287,56.14,85,100,24.16,US,1645582682
Tigil',57.8,158.6667,4.3,82,100,9.37,RU,1645582682
Thompson,55.7435,-97.8558,-14.64,70,20,6.91,CA,1645582485
Qaanaaq,77.484,-69.3632,-13.32,48,55,4.25,GL,1645582542
Kuito,-12.3833,16.9333,57.38,96,100,4.29,AO,1645582683
Ponta do Sol,32.6667,-17.1,66.83,78,41,7.76,PT,1645582684
Kamaishi,39.2667,141.8833,27.55,51,35,17.18,JP,1645582684
Salalah,17.0151,54.0924,75.29,19,0,13.8,OM,1645582685
Shīeli,44.1667,66.75,34.07,70,90,8.48,KZ,1645582685
Mar del Plata,-38.0023,-57.5575,67.87,92,75,8.99,AR,1645582541
Desenzano del Garda,45.468,10.534,44.76,49,0,4.61,IT,1645582686
Bambous Virieux,-20.3428,57.7575,79.21,94,40,13.8,MU,1645582508
São Raimundo das Mangabeiras,-7.0219,-45.4811,74.43,91,99,2.42,BR,1645582402
La Asuncion,11.0333,-63.8628,78.53,83,61,9.22,VE,1645582690
A Coruña,43.3713,-8.396,44.89,86,2,4.61,ES,1645582690
Tsumeb,-19.2333,17.7167,69.35,68,77,4.07,NA,1645582691
Maryville,35.7565,-83.9705,60.67,96,100,6.91,US,1645582691
Rudnogorsk,57.2639,103.7519,11.35,95,99,4.63,RU,1645582692
Rantauprapat,2.1,99.8333,79.61,83,77,0.27,ID,1645582692
Souillac,-20.5167,57.5167,79.36,94,40,13.8,MU,1645582510
Bilma,18.6853,12.9164,68.81,9,0,6.89,NE,1645582561
Tiksi,71.6872,128.8694,-0.24,91,99,11.01,RU,1645582537
Pevek,69.7008,170.3133,-28.66,96,100,3.44,RU,1645582542
Whitehorse,60.7161,-135.0538,18.81,57,75,3.44,CA,1645582693
Sitka,57.0531,-135.33,37.29,65,100,9.22,US,1645582533
Acapulco de Juárez,16.8634,-99.8901,80.42,78,40,4.61,MX,1645582693
Vao,-22.6667,167.4833,80.26,79,17,13.96,NC,1645582694
Natá,8.3333,-80.5167,77.47,82,25,10.67,PA,1645582694
Naousa,40.6329,22.0534,43.41,80,79,3.51,GR,1645582695
Porto Belo,-27.1578,-48.5531,76.98,91,89,4.5,BR,1645582695
Narsaq,60.9167,-46.05,5.22,74,100,4.36,GL,1645582695
Saint Paul Harbor,57.79,-152.4072,40.51,87,100,3.44,US,1645582556
Tessalit,20.1986,1.0114,73.85,9,17,6.4,ML,1645582696
Mandalgovi,45.7625,106.2708,11.44,60,2,6.53,MN,1645582518
Tazovsky,67.4667,78.7,-5.03,100,73,8.72,RU,1645582697
Laas,46.6166,10.7002,38.66,91,30,7.7,IT,1645582554
Dubréka,9.7911,-13.5233,75.36,85,9,1.28,GN,1645582697
North Bend,43.4065,-124.2243,42.71,74,0,13.8,US,1645582698
Weilheim,47.8333,11.15,43.72,84,100,13.62,DE,1645582698
Pisco,-13.7,-76.2167,75.25,73,75,9.22,PE,1645582699
Marsaxlokk,35.8419,14.5431,57.07,47,0,20.71,MT,1645582699
Wanning,18.8003,110.3967,57.24,85,97,16.33,CN,1645582699
Kumul,42.8,93.45,32.25,30,0,1.9,CN,1645582528
Deputatsky,69.3,139.9,-14.1,94,46,4.52,RU,1645582335
Houma,29.5958,-90.7195,73.4,94,1,5.01,US,1645582700
Knyaginino,55.8228,45.0349,33.08,90,100,16.02,RU,1645582700
Chokurdakh,70.6333,147.9167,-20.24,95,88,9.82,RU,1645582518
Mehamn,71.0357,27.8492,18.82,81,30,12.37,NO,1645582701
Zhangaözen,43.3,52.8,40.3,68,0,7.7,KZ,1645582701
Bahía Honda,22.9036,-83.1592,74.14,83,0,11.48,CU,1645582701
Hobyo,5.3505,48.5268,77.45,84,98,19.6,SO,1645582702
San Ramon,37.7799,-121.978,46.85,72,75,9.22,US,1645582702
Mendi,-6.1761,143.6513,62.42,83,100,3.85,PG,1645582703
Pochutla,15.7432,-96.4661,81.45,73,0,2.93,MX,1645582703
Pampierstad,-27.7832,24.6877,64.62,26,0,5.64,ZA,1645582704
Paro,27.4305,89.4133,41.76,53,4,0.85,BT,1645582704
Soto la Marina,23.7667,-98.2167,71.78,90,3,11.54,MX,1645582704
Masingbi,8.7833,-11.95,74.95,83,0,0.36,SL,1645582705
Severo-Kuril'sk,50.6789,156.125,27.21,86,100,21.59,RU,1645582515
Tuatapere,-46.1333,167.6833,66.81,45,23,7.09,NZ,1645582528
Røros,62.5747,11.3842,17.44,79,75,5.75,NO,1645582705
Te Anau,-45.4167,167.7167,63.59,51,2,2.62,NZ,1645582517
Westport,41.1415,-73.3579,58.75,91,100,29.93,US,1645582511
Port Alfred,-33.5906,26.891,69.51,88,0,12.48,ZA,1645582505
Saldanha,-33.0117,17.9442,63.64,90,0,13.98,ZA,1645582706
Lüderitz,-26.6481,15.1594,68.14,59,0,11.56,NA,1645582509
Boulder City,35.9786,-114.8325,50.65,53,100,14.97,US,1645582621
Pangnirtung,66.1451,-65.7125,-27.92,96,98,4.9,CA,1645582531
Port Lincoln,-34.7333,135.8667,72.7,59,0,7.52,AU,1645582577
Port Elizabeth,-33.918,25.5701,59.29,100,0,3.44,ZA,1645582514
Villa Carlos Paz,-31.4241,-64.4978,66.06,42,82,1.99,AR,1645582526
Saint Anthony,45.0205,-93.218,7.25,80,100,14.97,US,1645582707
Ta Khmau,11.4833,104.95,78.85,69,40,14.97,KH,1645582707
Bandarbeyla,9.4942,50.8122,75.47,80,30,11.9,SO,1645582708
Dubti,11.7361,41.0853,74.39,47,25,7.78,ET,1645582573
Assiniboia,49.6334,-105.9845,-14.89,76,97,8.05,CA,1645582708
São Paulo de Olivença,-3.3783,-68.8725,71.98,99,100,1.23,BR,1645582708
Molteno,-31.3968,26.3625,56.7,92,34,4.45,ZA,1645582709
Vestmannaeyjar,63.4427,-20.2734,30.22,83,100,27.11,IS,1645582524
Kalanguy,51.0167,116.5167,5.77,97,79,3.74,RU,1645582709
Verkhnevilyuysk,63.4453,120.3167,11.28,95,89,5.55,RU,1645582709
Fengxian,34.7039,116.5872,38.19,41,76,8.12,CN,1645582568
Valera,9.3178,-70.6036,72.46,87,92,2.1,VE,1645582710
São João da Barra,-21.6403,-41.0511,76.37,91,98,11.65,BR,1645582710
Novotroitskaya,45.3267,41.5253,42.75,94,95,0.45,RU,1645582710
Bucerías,20.75,-105.3333,75.97,83,0,3.44,MX,1645582711
Loandjili,-4.7561,11.8578,78.93,84,100,3.09,CG,1645582711
Rundu,-17.9333,19.7667,65.39,88,35,3.13,NA,1645582711
Ossora,59.2353,163.0719,4.14,84,100,11.48,RU,1645582712
Iaciara,-14.0958,-46.6317,69.31,93,100,1.77,BR,1645582712
Ambon City,-3.6954,128.1814,86.14,62,40,9.22,ID,1645582546
Camabatela,-8.1881,15.375,62.82,99,100,4.32,AO,1645582712
Puri,19.8,85.85,72.12,76,7,3.85,IN,1645582713
Alta Floresta,-9.8756,-56.0861,72.7,97,100,3.31,BR,1645582713
Morón,-34.6534,-58.6198,73.98,81,0,4.65,AR,1645582713
Marzuq,14.4,46.4667,58.39,43,2,1.97,YE,1645582714
Lamu,-2.2717,40.902,78.48,87,100,15.68,KE,1645582714
Hibbing,47.4272,-92.9377,1.0,46,100,14.97,US,1645582714
Flinders,-34.5833,150.8552,74.48,92,100,5.99,AU,1645582552
Griffith,41.5284,-87.4237,30.31,88,100,20.71,US,1645582715
Roald,62.5833,6.1333,37.54,87,40,25.32,NO,1645582715
College,64.8569,-147.8028,26.65,86,75,4.61,US,1645582582
Okara,30.8081,73.4458,49.59,95,34,2.57,PK,1645582716
Kalabo,-14.97,22.6814,66.63,93,94,2.66,ZM,1645582716
Derzhavīnsk,51.1,66.3167,10.74,100,94,4.09,KZ,1645582716
Umluj,25.0213,37.2685,69.35,58,0,5.82,SA,1645582639
Kieta,-6.2167,155.6333,82.65,78,100,2.84,PG,1645582547
Zonguldak,41.25,31.8333,45.05,78,100,4.12,TR,1645582717
Erenhot,43.6475,111.9767,10.38,77,93,7.02,CN,1645582717
Mahébourg,-20.4081,57.7,79.25,94,40,13.8,MU,1645582501
Faanui,-16.4833,-151.75,81.59,71,100,13.18,PF,1645582718
Airai,-8.9266,125.4092,61.16,99,100,2.33,TL,1645582718
Atasū,48.6814,71.6433,3.56,97,36,2.53,KZ,1645582718
Yumen,40.2833,97.2,18.01,55,0,5.35,CN,1645582554
Ilulissat,69.2167,-51.1,-0.38,71,100,14.97,GL,1645582520
São Filipe,14.8961,-24.4956,69.58,75,16,8.57,CV,1645582723
Choya,52.0108,86.5467,23.86,88,100,3.33,RU,1645582724
Hanko,59.8333,22.95,13.14,87,82,7.07,FI,1645582724
Laguna,38.421,-121.4238,47.95,72,20,8.05,US,1645582521
Burnie,-41.0667,145.9167,65.7,91,97,11.32,AU,1645582724
Chapais,49.7834,-74.8492,-0.62,92,100,11.59,CA,1645582725
La Ronge,55.1001,-105.2842,-12.75,77,0,2.3,CA,1645582581
Cayenne,4.9333,-52.3333,78.1,87,20,1.99,GF,1645582532
Ţahţā,26.7693,31.5021,59.13,31,25,0.65,EG,1645582725
Hodkovice nad Mohelkou,50.6659,15.0899,43.88,87,100,17.38,CZ,1645582726
Slave Lake,55.2834,-114.769,-5.82,84,0,0.0,CA,1645582577
Zakamensk,50.3741,103.2863,9.23,84,37,2.93,RU,1645582726
San Miguel,13.4833,-88.1833,82.06,69,0,3.44,SV,1645582727
Nhulunbuy,-12.2333,136.7667,88.41,66,40,9.22,AU,1645582727
Bull Savanna,17.8868,-77.5902,72.23,80,6,6.31,JM,1645582728
Ixtapa,20.7,-105.2,75.22,83,0,3.44,MX,1645582728
Nuevo Laredo,27.4763,-99.5164,89.58,30,0,12.66,MX,1645582704
Srednekolymsk,67.45,153.6833,-25.35,92,15,5.21,RU,1645582729
Kirkenes,69.7271,30.0458,2.35,85,75,8.05,NO,1645582729
Kawalu,-7.3817,108.2082,81.77,67,63,1.7,ID,1645582729
Saint George,37.1041,-113.5841,50.47,57,100,18.41,US,1645582514
Itarema,-2.9248,-39.9167,79.52,78,4,11.23,BR,1645582568
Yukamenskoye,57.8865,52.2416,32.61,86,100,15.35,RU,1645582730
Mount Gambier,-37.8333,140.7667,81.54,29,0,2.68,AU,1645582525
Werda,-25.2667,23.2833,71.28,20,0,7.9,BW,1645582731
Victor Harbor,-35.5667,138.6167,90.46,35,0,6.6,AU,1645582731
Neuquén,-38.9516,-68.0591,64.29,72,75,2.3,AR,1645582436
Nola,40.922,14.5329,53.55,53,15,6.33,IT,1645582731
Tsaratanana,-16.7833,47.65,72.16,97,100,5.06,MG,1645582732
Aswān,24.0934,32.907,61.9,27,0,6.11,EG,1645582733
Senahú,15.4,-89.8333,55.76,93,6,1.59,GT,1645582733
Tura,25.5198,90.2201,63.84,49,98,2.01,IN,1645582559
Skjervøy,70.0311,20.9714,24.33,67,4,15.41,NO,1645582734
Vila Velha,-20.3297,-40.2925,78.75,86,20,6.91,BR,1645582452
San Andrés,12.5847,-81.7006,80.62,74,20,14.97,CO,1645582734
Marrakesh,31.6315,-8.0083,68.07,42,40,11.5,MA,1645582734
Baghdad,33.3406,44.4009,49.91,81,100,0.0,IQ,1645582735
San Vicente,-26.6167,-54.1333,74.32,60,66,2.3,AR,1645582511
Myre,69.1036,15.9492,22.95,63,100,17.36,NO,1645582735
Chittarkonda,18.1167,82.0833,68.18,73,25,1.7,IN,1645582736
San Pedro de Cajas,-11.2511,-75.8617,41.81,88,93,3.89,PE,1645582736
Yarkovo,57.4028,67.0786,18.84,90,100,8.97,RU,1645582737
Ishigaki,24.3448,124.1572,64.53,100,75,16.11,JP,1645582737
Comodoro Rivadavia,-45.8667,-67.5,51.66,82,0,6.91,AR,1645582436
Kenai,60.5544,-151.2583,38.03,89,0,8.05,US,1645582458
Kochi,9.9399,76.2602,73.38,85,50,4.88,IN,1645582738
Sinnamary,5.3833,-52.95,76.41,92,100,8.63,GF,1645582738
Zhanakorgan,43.9098,67.2495,36.14,71,100,1.34,KZ,1645582738
Lakes Entrance,-37.8811,147.981,84.16,56,0,6.44,AU,1645582559
Petropavlovsk-Kamchatskiy,53.0452,158.6483,27.19,54,75,22.37,RU,1645582418
Kavaratti,10.5669,72.642,80.13,66,24,3.15,IN,1645582739
Iroquois Falls,48.7669,-80.6831,-0.26,94,100,11.12,CA,1645582739
Rongcheng,30.634,117.8517,39.13,90,100,5.08,CN,1645582740
Valkeala,60.9401,26.7979,16.2,92,100,8.05,FI,1645582740
Khorixas,-20.3667,14.9667,73.9,60,72,5.32,NA,1645582740
Ancud,-41.8697,-73.8203,56.73,80,20,4.34,CL,1645582509
Ribeira Grande,38.5167,-28.7,58.59,75,100,17.4,PT,1645582513
Popondetta,-8.7537,148.2534,91.53,55,100,5.86,PG,1645582741
Boden,65.8252,21.6886,-9.4,100,100,2.42,SE,1645582741
Smithers,54.7804,-127.1743,17.92,41,100,2.3,CA,1645582503
Noumea,-22.2763,166.4572,91.38,99,40,17.54,NC,1645582680
Zvečka,44.6389,20.1647,35.83,83,32,1.99,RS,1645582742
Mersing,2.4312,103.8405,75.11,94,40,13.8,MY,1645582634
Rome,43.2128,-75.4557,60.66,87,100,5.01,US,1645582726
Kodinsk,58.6881,99.1844,15.06,97,100,3.78,RU,1645582743
Ialibu,-6.2821,143.9935,68.63,84,100,3.29,PG,1645582743
Daru,-9.0763,143.2092,79.45,82,100,14.16,PG,1645582743
Maamba,-17.3667,27.15,68.29,91,59,2.42,ZM,1645582744
Krishnarajasagara,12.4089,76.5797,68.14,67,9,4.79,IN,1645582744
Vohibinany,-17.35,49.0333,76.78,78,99,5.88,MG,1645582745
Zhaozhou,45.6833,125.3167,5.36,81,6,10.36,CN,1645582745
Buin,-33.7333,-70.75,66.74,57,100,2.93,CL,1645582745
Alta Gracia,-31.6529,-64.4283,67.87,71,71,5.55,AR,1645582746
Half Moon Bay,37.4636,-122.4286,48.34,68,100,17.27,US,1645582746
Medenychi,49.4305,23.7507,34.41,81,96,7.07,UA,1645582747
Husavik,66.0449,-17.3389,19.31,77,100,7.56,IS,1645582747
Port-Cartier,50.0334,-66.8654,1.74,96,100,16.78,CA,1645582580
Kahuta,33.5913,73.3868,51.85,77,85,7.38,PK,1645582747
Conceição do Castelo,-20.3683,-41.2439,66.78,96,100,3.53,BR,1645582748
Chimbote,-9.0853,-78.5783,73.24,74,59,4.56,PE,1645582748
Grand Gaube,-20.0064,57.6608,79.38,88,100,4.0,MU,1645582749
Filingué,14.3521,3.3168,69.26,8,2,8.55,NE,1645582749
Sabha,27.0377,14.4283,50.65,42,0,12.64,LY,1645582749
Bengkulu,-3.8004,102.2655,81.5,72,70,5.06,ID,1645582749
Torbay,47.6666,-52.7314,23.58,73,75,4.61,CA,1645582750
Paamiut,61.994,-49.6678,4.75,75,100,31.56,GL,1645582750
Ostrovnoy,68.0531,39.5131,6.51,96,100,7.83,RU,1645582751
Kibala,9.1104,18.3463,75.27,17,10,5.73,TD,1645582751
Praia,14.9215,-23.5087,68.54,73,20,18.41,CV,1645582752
Nguru,12.8791,10.4526,66.34,12,32,8.66,NG,1645582752
Kahului,20.8947,-156.47,82.42,66,20,26.46,US,1645582753
Donduşeni,48.2427,27.6101,39.97,80,11,8.88,MD,1645582753
Diamantino,-14.4086,-56.4461,73.54,92,94,1.92,BR,1645582555
Yamada,39.4667,141.95,33.55,41,21,15.17,JP,1645582754
Dosso,13.049,3.1937,70.54,12,7,9.98,NE,1645582540
Cidreira,-30.1811,-50.2056,72.64,83,2,4.92,BR,1645582754
Haapsalu,58.9431,23.5414,26.02,83,89,5.66,EE,1645582754
Beringovskiy,63.05,179.3167,-5.37,97,100,13.35,RU,1645582755
Perth,-31.9333,115.8333,83.17,52,0,18.41,AU,1645582682
Topolobampo,25.6,-109.05,66.11,52,75,8.05,MX,1645582755
Buraidah,26.326,43.975,50.45,25,0,8.84,SA,1645582756
Chiang Khong,20.2613,100.4046,70.12,91,100,2.48,TH,1645582756
Samarai,-10.6167,150.6667,84.54,73,100,5.68,PG,1645582757
Yar-Sale,66.8333,70.8333,-8.77,99,74,7.02,RU,1645582757
Russell,32.3502,-85.1999,69.51,92,7,5.91,US,1645582757
Turukhansk,65.8167,87.9833,16.92,95,100,14.32,RU,1645582514
Camacha,33.0833,-16.3333,63.36,72,40,20.71,PT,1645582520
Thunder Bay,48.4001,-89.3168,3.29,70,100,8.05,CA,1645582656
Varhaug,58.6147,5.6457,42.35,81,23,21.83,NO,1645582758
Soyo,-6.1349,12.3689,79.5,86,100,4.16,AO,1645582758
Khasan,42.4308,130.6434,18.09,44,43,21.74,RU,1645582759
Leh,34.1667,77.5833,19.2,93,100,2.3,IN,1645582759
Dzilam González,21.2833,-88.9333,78.49,68,0,9.75,MX,1645582760
Zvishavane,-20.3267,30.0665,64.49,75,2,5.64,ZW,1645582760
Paragominas,-2.9667,-47.4833,72.39,99,100,3.24,BR,1645582760
Partizanskoye,55.5006,94.39,18.3,87,100,3.42,RU,1645582761
Talnakh,69.4865,88.3972,15.21,96,100,7.92,RU,1645582761
Lompoc,34.6391,-120.4579,50.41,68,75,9.22,US,1645582446
Ipojuca,-8.3989,-35.0639,82.31,79,10,4.36,BR,1645582761
Rjukan,59.8789,8.5941,22.44,91,91,6.85,NO,1645582762
Barreiras,-12.1528,-44.99,70.86,83,7,2.46,BR,1645582762
Tafo,6.7345,-1.6127,74.59,89,13,4.41,GH,1645582763
Tagkawayan,13.9657,122.5394,82.65,70,100,9.44,PH,1645582763
Copiapó,-27.3667,-70.3333,64.58,69,0,3.2,CL,1645582763
Cuiluan,47.72,128.648,6.22,73,26,12.53,CN,1645582764
Arandis,-22.4167,14.9667,59.47,61,33,1.48,NA,1645582764
Puerto Madero,14.7208,-92.4215,77.2,73,20,0.0,MX,1645582765
Shingū,33.7333,135.9833,45.59,36,70,12.44,JP,1645582548
Fulton,33.7668,-84.4499,65.5,80,0,3.44,US,1645582519
Moose Jaw,50.4001,-105.5344,-9.71,77,20,9.22,CA,1645582579
Boyolangu,-8.1181,111.8935,83.1,70,17,6.26,ID,1645582765
Whitianga,-36.8333,175.7,74.23,64,100,8.21,NZ,1645582766
Hannoversch Münden,51.4151,9.6505,44.01,83,51,15.01,DE,1645582766
Lucea,18.451,-78.1736,76.86,76,4,8.88,JM,1645582767
Carora,10.1755,-70.0827,75.78,61,55,9.91,VE,1645582767
Namatanai,-3.6667,152.4333,81.75,79,100,7.25,PG,1645582767
Kloulklubed,7.0419,134.2556,86.5,75,100,17.47,PW,1645582768
Mumford,5.2618,-0.759,79.21,89,73,6.82,GH,1645582768
Dibai,28.2167,78.25,55.09,70,2,10.07,IN,1645582768
Sakakah,29.9697,40.2064,54.97,33,75,5.7,SA,1645582769
Gopālpur,19.2667,84.9167,72.91,85,5,4.7,IN,1645582769
Avera,33.194,-82.5271,71.47,74,9,7.0,US,1645582554
Tolaga Bay,-38.3667,178.3,68.97,71,69,15.26,NZ,1645582769
Pucallpa,-8.3791,-74.5539,75.24,100,75,2.3,PE,1645582770
Tateyama,34.9833,139.8667,46.67,44,81,6.62,JP,1645582770
Bathsheba,13.2167,-59.5167,77.61,78,40,12.66,BB,1645582499
Kassala,15.451,36.4,72.27,54,11,5.97,SD,1645582770
Churapcha,62.0025,132.4325,-12.57,93,72,1.97,RU,1645582771
Yei,4.095,30.6779,69.13,30,64,1.25,SS,1645582771
Yangi Marg`ilon,40.4272,71.7189,43.52,52,100,0.0,UZ,1645582504
Geraldton,-28.7667,114.6,81.01,57,0,14.97,AU,1645582547
Chittūr,10.7,76.75,78.35,67,77,9.66,IN,1645582772
Am Timan,11.0297,20.2827,73.13,15,2,6.85,TD,1645582772
Meadow Lake,34.8014,-106.5436,54.28,19,0,15.46,US,1645582773
Mahanje,-9.9333,35.3333,64.98,99,100,0.78,TZ,1645582773
Road Town,18.4167,-64.6167,75.99,70,48,17.76,VG,1645582556
Terrace,54.5163,-128.6035,26.51,39,100,6.91,CA,1645582774
Bogorodskoye,56.55,37.8833,33.1,95,100,11.27,RU,1645582774
Isangel,-19.55,169.2667,89.71,62,40,5.75,VU,1645582774
Encruzilhada do Sul,-30.5439,-52.5219,63.3,86,0,5.66,BR,1645582775
Kashgar,39.4547,75.9797,27.61,54,81,4.47,CN,1645582775
Ñuñoa,-14.48,-70.6411,44.53,82,95,3.8,PE,1645582775
Kurchum,48.5722,83.6542,4.23,89,100,0.11,KZ,1645582776
Batemans Bay,-35.7167,150.1833,78.98,89,100,2.53,AU,1645582776
Mashhad,36.297,59.6062,39.34,87,0,0.0,IR,1645582646
Iranshahr,27.2025,60.6848,57.54,35,25,4.61,IR,1645582776
Ust'-Uda,54.1742,103.0304,2.95,98,96,3.53,RU,1645582777
Sungai Raya,0.7,108.9,82.04,76,100,2.62,ID,1645582777
Pak Phanang,8.3511,100.202,86.02,77,59,8.93,TH,1645582778
Phan Thiet,10.9333,108.1,83.75,55,30,5.91,VN,1645582554
Townsville,-19.25,146.8,86.88,62,100,10.36,AU,1645582778
Barcelos,41.5388,-8.6151,57.69,58,93,5.12,PT,1645582778
Filoti,37.05,25.5,51.55,75,81,4.0,GR,1645582779
Gizo Government Station,-8.103,156.8419,83.46,71,84,2.24,SB,1645582779
Kiryat Gat,31.61,34.7642,58.41,57,68,3.31,IL,1645582393
Kyakhta,50.3508,106.4494,-2.04,95,53,3.76,RU,1645582779
Dingle,10.9995,122.6711,81.27,74,100,13.53,PH,1645582550
Surakarta,-7.5561,110.8317,82.9,69,9,6.24,ID,1645582505
Enshi,30.3,109.4833,39.58,76,95,0.6,CN,1645582780
Ulaangom,49.9811,92.0667,-14.82,96,97,1.52,MN,1645582780
Chunskiy,56.0815,99.6342,11.7,93,96,2.51,RU,1645582781
Rubtsovsk,51.5,81.25,22.75,95,100,13.6,RU,1645582781
Buritis,-15.6178,-46.4233,70.7,92,89,0.81,BR,1645582781
Oxapampa,-10.5775,-75.4017,58.89,98,62,1.83,PE,1645582782
Arman',59.7,150.1667,6.89,69,0,8.81,RU,1645582782
Gamba,-2.65,10.0,77.67,87,100,2.91,GA,1645582782
Fairbanks,64.8378,-147.7164,26.56,85,100,4.61,US,1645582783
Narasannapeta,18.4167,84.05,74.86,82,6,4.72,IN,1645582783
Lagunas,-5.2269,-75.6753,72.41,98,100,2.46,PE,1645582783
Luang Prabang,19.8856,102.1347,58.96,82,100,6.91,LA,1645582784
Kultayevo,57.8943,55.9392,33.78,86,75,13.42,RU,1645582784
Iracoubo,5.4802,-53.2011,76.19,92,100,8.81,GF,1645582784
Guarapari,-20.6667,-40.4975,78.69,91,100,8.39,BR,1645582785
Vanimo,-2.6741,141.3028,79.66,85,100,5.3,PG,1645582785
Dedza,-14.3779,34.3332,57.07,97,100,2.35,MW,1645582785
Altamira,-3.2033,-52.2064,72.84,99,100,2.26,BR,1645582786
Kyra,49.5776,111.9753,7.41,87,26,2.66,RU,1645582786
Stromness,58.965,-3.296,39.45,82,99,38.36,GB,1645582786
Mahibadhoo,3.7833,72.9667,81.7,70,2,7.02,MV,1645582786
Balgarovo,42.6214,27.3046,46.09,93,100,8.05,BG,1645582787
San Patricio,28.017,-97.5169,74.08,82,0,9.37,US,1645582787
Bharatpur,27.2167,77.4833,57.25,52,0,6.85,IN,1645582787
Rafaela,-31.2503,-61.4867,73.98,48,0,3.0,AR,1645582788
Cockburn Town,21.4612,-71.1419,77.16,71,1,20.67,TC,1645582788
Quatre Cocos,-20.2078,57.7625,79.09,89,100,8.1,MU,1645582788
Zambezi,-13.5432,23.1047,63.82,98,100,3.29,ZM,1645582789
Khani,41.9563,42.9566,44.17,79,100,7.63,GE,1645582789
Fort Nelson,58.8053,-122.7002,8.19,78,100,2.3,CA,1645582577
Nabire,-3.3667,135.4833,84.0,66,100,2.28,ID,1645582790
Vila Franca do Campo,37.7167,-25.4333,60.19,78,100,9.01,PT,1645582790
Halifax,44.6453,-63.5724,36.21,96,100,16.11,CA,1645582509
Makkah al Mukarramah,21.4267,39.8261,69.31,79,95,0.96,SA,1645582501
Batagay-Alyta,67.8006,130.4114,-10.19,87,34,2.73,RU,1645582564
Sagaing,21.8787,95.9797,69.06,32,0,2.15,MM,1645582791
Suzun,53.7841,82.3116,24.12,96,100,6.53,RU,1645582791
Saint-François,46.4154,3.9054,48.47,89,100,2.3,FR,1645582568
Janakkala,60.9,24.6,7.48,98,99,2.17,FI,1645582792
Pemba,-12.974,40.5178,73.15,86,100,3.0,MZ,1645582792
San Quintín,30.4833,-115.95,56.43,68,93,11.23,MX,1645582793
Cividale del Friuli,46.0931,13.4275,40.69,76,10,4.23,IT,1645582793
Taicheng,38.731,113.228,20.39,40,0,3.42,CN,1645582793
Aripuanã,-9.1667,-60.6333,73.2,98,100,1.05,BR,1645582794
Foindu,7.4108,-11.5422,75.81,93,3,0.89,SL,1645582794
Priargunsk,50.3691,119.1012,-10.1,96,85,3.56,RU,1645582794
Acarí,-15.4311,-74.6158,73.24,87,92,5.28,PE,1645582794
Mokhsogollokh,61.4681,128.9203,-0.89,95,97,1.39,RU,1645582795
Hamilton,39.1834,-84.5333,60.98,93,100,13.8,US,1645582714
Bac Lieu,9.285,105.7244,82.47,63,97,11.92,VN,1645582795
Gijang,35.2442,129.2139,31.73,20,100,4.27,KR,1645582796
Hasaki,35.7333,140.8333,46.29,36,62,9.17,JP,1645582505
Santa Isabel Rio Negro,-0.4139,-65.0192,74.7,96,100,2.08,BR,1645582796
Vestmanna,62.1564,-7.1664,32.92,93,75,5.75,FO,1645582796
Guymon,36.6828,-101.4816,16.34,32,0,16.04,US,1645582797
Lahad Datu,5.0268,118.327,83.05,67,30,1.79,MY,1645582797
Buchanan,5.8808,-10.0467,78.84,91,99,7.0,LR,1645582798
Bensonville,6.4461,-10.6125,76.32,96,60,3.53,LR,1645582799
Naryan-Mar,67.6713,53.087,9.37,96,100,6.42,RU,1645582799
Bonavista,48.6499,-53.1147,12.2,54,66,5.35,CA,1645582799
Manzhouli,49.6,117.4333,6.98,89,34,3.98,CN,1645582800
Guanambi,-14.2233,-42.7814,71.22,77,39,4.56,BR,1645582800
Pandan,14.0453,124.1694,81.57,74,100,14.5,PH,1645582801
Okitipupa,6.5047,4.7839,75.09,98,8,0.58,NG,1645582801
Tacoronte,28.4769,-16.4102,60.8,58,0,4.61,ES,1645582802
Tezu,27.9167,96.1667,63.54,39,91,0.85,IN,1645582802
Kongolo,-5.3833,27.0,69.84,97,100,2.53,CD,1645582803
Caravelas,-17.7125,-39.2481,75.99,87,0,4.79,BR,1645582564
Berlevåg,70.8578,29.0864,22.28,68,68,12.26,NO,1645582803
Mahon,39.8885,4.2658,54.16,66,0,16.11,ES,1645582804
Zinder,13.8072,8.9881,63.81,10,99,9.13,NE,1645582804
Gainesville,29.6516,-82.3248,71.1,69,0,5.75,US,1645582537
Green River,41.5286,-109.4662,6.15,59,98,13.0,US,1645582805
Ribeira Brava,32.65,-17.0667,66.83,79,40,8.84,PT,1645582805
Ofakim,31.3141,34.6203,53.74,55,85,6.44,IL,1645582806
Cumbernauld,55.9469,-3.9905,43.03,84,97,20.56,GB,1645582806
Huanren,41.2647,125.3667,11.41,60,3,2.73,CN,1645582807
Emet,39.343,29.2585,43.07,86,100,4.09,TR,1645582807
St. George's,12.0564,-61.7485,80.28,78,75,9.22,GD,1645582807
Matara,5.9485,80.5353,75.54,87,24,6.11,LK,1645582808
Porto-Novo,6.4965,2.6036,79.0,87,9,6.46,BJ,1645582808
Ondjiva,-17.0667,15.7333,67.17,91,96,3.71,AO,1645582809
Belsand,26.45,85.4,59.45,58,1,5.75,IN,1645582809
Hudiksvall,61.729,17.1036,19.11,91,100,5.06,SE,1645582811
Severodvinsk,64.5635,39.8302,14.11,95,100,5.55,RU,1645582811
Almaznyy,48.0448,40.045,42.94,85,100,7.23,RU,1645582811
Canutama,-6.5339,-64.3831,70.9,99,99,1.66,BR,1645582812
